coin,entry,exit,pos_usd,raw_ret,pnl,reason
NEAR,1.5249762543212189,1.607,64.93207895528312,0.05378690025261457,3.4470427986940084,TRAILING_EMA20
SOL,12.845080891231245,15.413,43.17466927812289,0.19991459224844266,8.601024135702616,TRAILING_EMA20
NEAR,2.118450357110932,2.157,24.062543019995285,0.018197095230326976,0.4210246067046972,TRAILING_EMA20
SOL,15.534371699505847,22.533,40.534111080835835,0.4505253534468203,18.233270843589658,TRAILING_EMA20
SOL,24.011574255081374,24.175,40.11409216948966,0.006806123712777445,0.24494160941266085,TRAILING_EMA20
SOL,24.219029174133006,22.524972031275862,49.525951795997635,-0.06994735960211285,-3.4988777261687516,SL_WIDE
NEAR,2.4835039495527593,2.356,40.82682317729736,-0.05134034498947382,-2.1246419629708004,TRAILING_EMA20
NEAR,2.4543232820155447,2.435,41.75967495879887,-0.007873160865619955,-0.35801241111778404,TRAILING_EMA20
NEAR,2.4392503392014495,2.439,50.48941703214321,-0.00010262956508655385,-0.04052429883398275,TRAILING_EMA20
SOL,24.17374557775063,24.127,56.83121299292358,-0.0019337333389350952,-0.1496782603515842,TRAILING_EMA20
NEAR,2.5145948921441437,2.479,46.11193979753925,-0.014155318717677279,-0.6850075623827926,TRAILING_EMA20
SOL,24.18000377041265,24.145,61.08412149317644,-0.0014476329592422177,-0.13118627260510168,TRAILING_EMA20
NEAR,2.5076207620499678,2.528,46.56177813633087,0.008126921844981094,0.34581068718187885,TRAILING_EMA20
SOL,24.671785149340735,24.388,60.00877642035303,-0.011502416530581594,-0.7322520853716907,TRAILING_EMA20
SOL,24.644124429254738,23.210938714969025,57.66620981590509,-0.05815527016997191,-3.39396035839338,SL_WIDE
SOL,24.47606796582965,24.321,55.48761315841114,-0.006335493349917676,-0.39038273337880613,TRAILING_EMA20
SOL,24.43823328435624,24.374,54.2174453803237,-0.0026283931251838144,-0.18045697246889839,TRAILING_EMA20
SOL,24.467252189688438,24.459,51.22776986294663,-0.0003372748858131436,-0.05313727913504997,TRAILING_EMA20
SOL,24.485056781128176,24.318,61.194126151199505,-0.006822805543049926,-0.46035151141234004,TRAILING_EMA20
NEAR,2.414658566114279,2.382,47.591606816685925,-0.013525127971543371,-0.6769966973387331,TRAILING_EMA20
SOL,22.571949379218527,22.538,60.52612288415596,-0.0015040517169413459,-0.13340270506262683,TRAILING_EMA20
NEAR,2.370049691726497,2.575,55.457985373189416,0.08647511020083476,4.756914806901604,TRAILING_EMA20
SOL,24.979207465267898,25.065,46.48055463418699,0.0034345579158743256,0.1271037686091451,TRAILING_EMA20
SOL,25.078653277645238,24.983,44.337290556694995,-0.003814131348532257,-0.20014435321096008,TRAILING_EMA20
SOL,25.085686696666514,23.81,44.52764565375523,-0.05085317025967773,-2.2955412976506424,TRAILING_EMA20
SOL,21.40368853158402,21.92,42.42691972593053,0.024122546338407824,0.9937464932765169,TRAILING_EMA20
SOL,22.169352661400854,21.089,41.992471209336664,-0.04873180908353092,-2.0757638197655988,TRAILING_EMA20
NEAR,1.9693931719089388,1.9084503147660816,106.44237223076378,-0.03094499260591277,-3.368368082198334,SL_WIDE
SOL,20.892789863507485,20.335,97.56658218977906,-0.026697720464883945,-2.673101945549691,TRAILING_EMA20
SOL,20.820783341978554,20.816,84.20945767465797,-0.00022973880953414128,-0.07829280092995215,TRAILING_EMA20
NEAR,1.988402679284415,1.979,61.31087249781897,-0.004728760116033737,-0.33284201929538937,TRAILING_EMA20
NEAR,1.9928895861717084,1.987,72.8755612452305,-0.002955299788094168,-0.2663820235769346,TRAILING_EMA20
SOL,23.753665969736776,24.053,56.44653133298877,0.012601592977041554,0.6718036408910552,TRAILING_EMA20
NEAR,2.1570805658162753,2.265,67.21597565142689,0.05003032148819453,3.3157856880275443,TRAILING_EMA20
NEAR,2.2691960620210496,2.251,61.14078319386884,-0.00801872624652955,-0.533069751165757,TRAILING_EMA20
SOL,24.084815220452406,24.435,66.71497598487078,0.014539649830911827,0.9233119061083035,TRAILING_EMA20
SOL,24.697312129016836,24.624,60.99904946769011,-0.002968425415440401,-0.22377046338498066,TRAILING_EMA20
SOL,24.700639444220545,23.384839444220546,61.11117162443519,-0.05326987598727406,-3.2981623540077885,SL_WIDE
NEAR,2.308860588640332,2.191732017211761,64.17075662625103,-0.05073003194945924,-3.300304063509064,SL_WIDE
SOL,22.97282361906594,22.080923619065942,81.30013861571625,-0.03882413475981161,-3.213317634638933,SL_WIDE
SOL,22.244903075515538,21.971,91.66003154298036,-0.01231307120492764,-1.1927785171147167,TRAILING_EMA20
SOL,20.658505508519806,20.613,87.29668396416047,-0.0022027492986382846,-0.25340038815041477,TRAILING_EMA20
SOL,20.978176090504494,20.478547519075924,129.5951848161747,-0.023816587737325756,-3.1772317188806936,SL_WIDE
NEAR,1.3916970309737136,1.372,57.40580587190753,-0.014153246385768536,-0.8526625785890407,TRAILING_EMA20
SOL,16.931401445977624,16.813,61.283768733423976,-0.00699300919391721,-0.47145659630412673,TRAILING_EMA20
NEAR,1.3902780684387996,1.455,60.708140432205234,0.046553227753840076,2.783664189750014,TRAILING_EMA20
NEAR,1.4612451613185684,1.443,37.28419761076579,-0.012486037115157722,-0.4916308135044325,TRAILING_EMA20
SOL,16.717474655110372,16.393,66.21853376903816,-0.01940931042543459,-1.3316090514787113,TRAILING_EMA20
NEAR,1.4366073205121135,1.421,60.633362152706354,-0.010864012934689637,-0.7011649842076173,TRAILING_EMA20
SOL,17.22976440063033,18.695,41.662796507526984,0.0850409538575041,3.513879997815916,TRAILING_EMA20
SOL,19.104518183059184,19.436,68.2605446525764,0.017350964508215494,1.1366039063215085,TRAILING_EMA20
SOL,24.564731605844653,24.384,143.9057391594396,-0.007357361307446575,-1.159500534622768,TRAILING_EMA20
SOL,24.534372987470274,23.987430130327418,137.94730459891355,-0.022292921747875116,-3.171811579973112,SL_WIDE
SOL,18.861861277869803,18.895,86.02935663418121,0.0017569168621274223,0.09092587766463973,TRAILING_EMA20
SOL,18.897972627676165,18.876,90.99129541082388,-0.0011626976136045464,-0.16948926882052798,TRAILING_EMA20
SOL,19.841185640186687,19.588,84.45739285587536,-0.012760610418052765,-1.1368480621573709,TRAILING_EMA20
NEAR,1.1158858583594937,1.113,101.81112808423151,-0.002586159093131979,-0.33456756433602197,TRAILING_EMA20
SOL,22.99375868447651,22.684,41.82716782150751,-0.013471424516846575,-0.5927505515359677,TRAILING_EMA20
SOL,23.258704196165723,23.215,68.82948476089715,-0.0018790469063589832,-0.17751446973887458,TRAILING_EMA20
SOL,23.290854704703428,23.204,81.72463676145567,-0.0037291334218785277,-0.3619693200710459,TRAILING_EMA20
SOL,23.284491039451108,22.972,93.78225159332854,-0.0134205655997226,-1.324258435713285,TRAILING_EMA20
SOL,23.395549655039762,31.739,58.26454341101931,0.35662553211964965,20.737838617275475,TRAILING_EMA20
SOL,31.77338557011258,31.579,47.011240007678644,-0.006117874020180825,-0.3205167119048376,TRAILING_EMA20
SOL,38.79464948968376,38.91,32.86098672567888,0.0029733613225944033,0.07470489624444646,TRAILING_EMA20
SOL,39.22129796815668,39.19,26.167258800699802,-0.0007979839979311842,-0.03919813495317226,TRAILING_EMA20
SOL,39.25469040424589,40.737,26.850849411131946,0.03776133706543705,0.995128380519253,TRAILING_EMA20
SOL,40.739127510831395,39.939,54.19328039532626,-0.01964027115255873,-1.1023060178875812,TRAILING_EMA20
SOL,40.73251737876223,40.248,55.35410606623426,-0.011895100277177106,-0.697190516657718,TRAILING_EMA20
NEAR,1.262778392386247,1.549,73.57968025289857,0.22666020367428508,16.626079536233732,TRAILING_EMA20
SOL,40.652809010732796,54.712,61.51977970325187,0.34583565887305423,21.232669701606984,TRAILING_EMA20
NEAR,1.487496005581205,1.591,39.178611442393525,0.06958270410840739,2.698728699364657,TRAILING_EMA20
SOL,54.943818413576714,57.842,33.0342783664669,0.05274809196200936,1.7193711583164855,TRAILING_EMA20
NEAR,1.6731848945970353,1.754,49.14292409326944,0.04830016435358031,2.339211263655147,TRAILING_EMA20
SOL,59.30578480857409,59.008,56.49330061893889,-0.005021176425457852,-0.32320813969737666,TRAILING_EMA20
NEAR,1.754633581010686,1.907,35.62705451324897,0.08683660260368975,3.068793436547718,TRAILING_EMA20
NEAR,1.923949446830341,1.922,44.66421684106242,-0.0010132526265452801,-0.07652108681553813,TRAILING_EMA20
NEAR,1.9241128124847011,1.7529842410561298,44.65510368661274,-0.08893894906691291,-4.002836564941995,SL_WIDE
SOL,57.077774994861336,56.869,75.83876488692572,-0.003657728334367172,-0.33048473459116634,TRAILING_EMA20
SOL,57.83042139624569,57.106,89.78326399493992,-0.01252664910189838,-1.187531728084177,TRAILING_EMA20
NEAR,1.8533351436693526,1.83,84.55353742889537,-0.01259089255878032,-1.1237919814322586,TRAILING_EMA20
SOL,57.737328180381084,55.921,90.39984104375472,-0.031458473012581534,-2.9071208485472466,TRAILING_EMA20
SOL,58.86688864468959,62.123,71.02976629361693,0.055313121353563144,3.8791572463085306,TRAILING_EMA20
NEAR,1.8159642221291385,2.224,92.90647183244204,0.22469373179194996,20.810467333372376,TRAILING_EMA20
NEAR,2.22856719013066,2.213,53.908437079688966,-0.006985290907808528,-0.4143020213427017,TRAILING_EMA20
NEAR,2.387181018799,2.2136095902275716,57.65979232120364,-0.07270978916326709,-4.232793197497326,SL_WIDE
SOL,71.28494529885589,66.05015958457017,57.09063469977255,-0.07343465990384557,-4.232394787162323,SL_WIDE
SOL,69.48359842355741,72.552,60.4624598694443,0.04416008448120756,2.6277036138676713,TRAILING_EMA20
SOL,73.89142971494665,73.573,51.42706831677987,-0.004309426900725555,-0.25762013945152795,TRAILING_EMA20
SOL,73.26354489332212,110.708,64.06057159823497,0.5110925926557355,32.696041225031514,TRAILING_EMA20
SOL,107.52310352404764,103.499,74.2101883417976,-0.03742547780112815,-2.8292988882427434,TRAILING_EMA20
NEAR,3.8185691097636445,3.702,37.66528951573354,-0.03052690848663464,-1.1761705488304104,TRAILING_EMA20
SOL,99.23234905209287,97.751,45.6738582832602,-0.014928086115498673,-0.7137949904778728,TRAILING_EMA20
NEAR,3.495424576871868,3.46,46.44801169653846,-0.010134556215648627,-0.5032435938312508,TRAILING_EMA20
NEAR,2.886852456202498,2.882,81.72108765472211,-0.0016808812629383052,-0.19456820638406674,TRAILING_EMA20
NEAR,2.9844033776941363,2.945,67.98092945591132,-0.013203100488574426,-0.9451456935322242,TRAILING_EMA20
SOL,99.45671584496002,99.103,82.69416856636639,-0.0035564802432388465,-0.3519860947338014,TRAILING_EMA20
SOL,99.73503552322437,96.912,84.06016048673315,-0.028305354366339852,-2.438194743009094,TRAILING_EMA20
SOL,113.01990650510643,111.56,98.78146162026752,-0.012917251042323885,-1.3451319612108648,TRAILING_EMA20
NEAR,3.1867537904957,3.234,71.13413831175575,0.014825811032282754,1.0048273957361267,TRAILING_EMA20
SOL,111.34588134194709,111.658,117.73111166208247,0.0028031450673453584,0.24760560676519433,TRAILING_EMA20
NEAR,3.2878298332600897,3.411,77.08080799022359,0.037462451825792664,2.833679490433769,TRAILING_EMA20
SOL,111.72254946428644,109.52,117.41715745397211,-0.019714457599184332,-2.397007582260864,TRAILING_EMA20
NEAR,3.444888144416158,3.250231001559015,79.55380464613138,-0.0565060851606064,-4.550961723436837,SL_WIDE
NEAR,3.4310636816370645,3.333,64.77606647503856,-0.028581131315602692,-1.8967165085638134,TRAILING_EMA20
NEAR,4.096996952476653,3.79523980961951,59.23165295605102,-0.07365325050455052,-4.404065930039862,SL_WIDE
NEAR,4.097759147478876,4.26,51.77205732840451,0.03959257893937984,2.013548826499071,TRAILING_EMA20
SOL,127.01698189882714,118.23825332739857,63.1213005339555,-0.06911460530861213,-4.406788683344391,SL_WIDE
NEAR,5.08588648153063,7.493,32.53626526882968,0.4732928128086993,15.37640512168621,TRAILING_EMA20
SOL,186.95257558443794,181.234,83.24846432663784,-0.030588375509462362,-2.6047092124379265,TRAILING_EMA20
NEAR,7.375720389242791,7.244,54.610123914873824,-0.017858647330896704,-1.0134900304327112,TRAILING_EMA20
NEAR,7.372388185817072,7.342,53.093094077111814,-0.004121891719637394,-0.2560091507003546,TRAILING_EMA20
NEAR,7.1782741666941945,6.857745595265623,99.28151109186648,-0.04465259531542587,-4.502674194853385,SL_WIDE
SOL,194.17798780382992,188.217,109.5831089652925,-0.03069857645168339,-3.4407536246598878,TRAILING_EMA20
NEAR,6.948182175240301,6.941,67.5365186908465,-0.0010336768753551606,-0.11708650069631218,TRAILING_EMA20
NEAR,6.946744578336381,7.019,76.34106582464474,0.010401335596669226,0.7406102993722946,TRAILING_EMA20
SOL,153.2288101528374,149.775,91.70949468934118,-0.022540213876179105,-2.1313482710566007,TRAILING_EMA20
SOL,149.72384691365198,149.47,86.46214891677363,-0.0016954340867182394,-0.20711437872614805,TRAILING_EMA20
NEAR,7.235969454579536,7.102,55.611200220378386,-0.018514375360546675,-1.0685344752848662,TRAILING_EMA20
SOL,149.5520787660507,145.348,82.38358390737106,-0.02811113560398759,-2.3735646074977574,TRAILING_EMA20
NEAR,7.225124345434937,7.207,71.2605276365203,-0.0025085167491115667,-0.22864059647230306,TRAILING_EMA20
SOL,148.66900703067336,147.091,86.77725446162768,-0.010614229974292955,-0.9818178135165948,TRAILING_EMA20
NEAR,7.891512747815321,7.876,77.73213215432422,-0.0019657508403082558,-0.20721449660934219,TRAILING_EMA20
SOL,167.32418601748742,175.344,100.1162805780045,0.047929795287779964,4.728471436673094,TRAILING_EMA20
SOL,176.828089813497,177.03,81.24251534194761,0.0011418445266018207,0.035896560731203994,TRAILING_EMA20
NEAR,7.900546474442838,7.676,69.06727890604004,-0.028421638322009057,-2.0113523161870237,TRAILING_EMA20
NEAR,7.865174200216329,7.935,63.24935233996368,0.008877845297024622,0.5172434185732253,TRAILING_EMA20
NEAR,7.996024715172707,7.815,98.77551573509764,-0.02263933912425342,-2.305355258914474,TRAILING_EMA20
SOL,170.76622901444108,170.271,166.8363637514667,-0.0029000407006657403,-0.6006176998563545,TRAILING_EMA20
SOL,170.7689589472035,170.219,153.17826693595308,-0.003220485447671617,-0.6005331664219625,TRAILING_EMA20
NEAR,5.977263790171227,6.159,73.58463586441442,0.030404582465912267,2.1858008842586236,TRAILING_EMA20
SOL,155.17641859848337,171.944,87.77973329665947,0.10805495804683107,9.423589585424898,TRAILING_EMA20
SOL,174.73802571767615,170.48,84.98210112640892,-0.024368054407091888,-2.1303359346658035,TRAILING_EMA20
SOL,184.33603520697122,182.509,104.67854534973745,-0.009911438123966665,-1.1107899068855773,TRAILING_EMA20
NEAR,4.8044359934225,4.778,68.24366366438318,-0.005502413490093727,-0.4232754201253893,TRAILING_EMA20
SOL,155.80707058890226,154.202,111.15263224903389,-0.010301654365463597,-1.2228628418153533,TRAILING_EMA20
NEAR,4.802139214570346,4.724,65.25376320722538,-0.01627175120897384,-1.1074706346023198,TRAILING_EMA20
NEAR,4.303336278642234,4.421,64.25001202443596,0.02734244171010758,1.7117772002347462,TRAILING_EMA20
SOL,144.78853000780538,143.06,109.43379954840415,-0.011938307597378017,-1.383058020242539,TRAILING_EMA20
SOL,144.6227422512874,144.587,125.59293846786561,-0.00024714129141123475,-0.11895425793258597,TRAILING_EMA20
SOL,144.6177232487863,143.532,123.15465494757953,-0.007507539355453008,-1.0107966772894943,TRAILING_EMA20
NEAR,4.439327098768205,5.391,84.52235066349124,0.21437323271264663,18.060163902740086,TRAILING_EMA20
NEAR,5.391508042617566,5.377,67.06735044348751,-0.0026909062367869163,-0.22741909690359557,TRAILING_EMA20
SOL,147.65038970565524,156.107,111.08371034556173,0.05727455451491337,6.284511426663828,TRAILING_EMA20
SOL,156.25000660600614,155.56,165.67778566162153,-0.00441604209173585,-0.847614525110446,TRAILING_EMA20
SOL,150.73678800279066,152.53,124.0969082700914,0.011896312910529394,1.3894278162212064,TRAILING_EMA20
NEAR,4.874980291926004,4.84,125.32785793305501,-0.007175473505798391,-0.9870162246902393,TRAILING_EMA20
SOL,170.84989954217173,167.9,117.55847550879851,-0.017266030299558865,-2.1120591329610225,TRAILING_EMA20
SOL,173.18099005949836,175.69,155.26085506901012,0.014487790719060145,2.14070417655384,TRAILING_EMA20
NEAR,5.00898767767523,5.103,42.489959681840006,0.0187687270112038,0.767739482208223,TRAILING_EMA20
NEAR,5.7340022986875585,5.708,49.24702351147602,-0.004534755539513768,-0.25779612913126393,TRAILING_EMA20
NEAR,5.732904376023149,5.767,50.5899222253274,0.00594735612884989,0.265463338447111,TRAILING_EMA20
NEAR,5.776797442516228,5.799,55.66908675771761,0.0038434024569331537,0.17499034408943442,TRAILING_EMA20
SOL,214.33707049563958,233.87,83.16363433864778,0.09113183015514714,7.520639655597359,TRAILING_EMA20
SOL,235.97845581635806,232.97,84.68335103219201,-0.0127488579665056,-1.1388943601596857,TRAILING_EMA20
SOL,253.32660556870638,242.59217699727782,112.08696201613324,-0.04237386968230317,-4.8280191949681885,SL_WIDE
NEAR,6.09535161295479,6.405,47.43384028108337,0.05080074238655863,2.3764706123277257,TRAILING_EMA20
SOL,240.3338779558559,240.0,123.38147247596173,-0.0013892255170002699,-0.2577717206218457,TRAILING_EMA20
NEAR,6.560661340589707,6.89,64.50670861786982,0.05019900316645365,3.193017774133441,TRAILING_EMA20
NEAR,7.246279592936479,7.711,52.10763816726265,0.06413227658459664,3.3053061163958883,TRAILING_EMA20
NEAR,7.718407942062439,7.61,75.47415747019583,-0.014045376051148528,-1.1128948340416385,TRAILING_EMA20
SOL,237.63778990257313,236.08,99.36943691113912,-0.006555312196817598,-0.7209562876122845,TRAILING_EMA20
NEAR,7.706928043275602,7.676,91.72579520564278,-0.004013018300149773,-0.43230535139998477,TRAILING_EMA20
SOL,237.50126130458366,237.24,131.83558206577442,-0.0011000417561934928,-0.23730955267046794,TRAILING_EMA20
