trade_id,entry_idx,exit_idx,side,entry,exit,exit_reason,pnl,r_multiple,equity_after,prob
1,67987,68000,SHORT,91566.69081093749,91785.8203125,TIME_DECAY_SL,-20.477419338783065,-0.3199151858913735,9979.522580661216,0.669973629277745
2,68075,68090,SHORT,91452.14341250001,91780.0,TIME_DECAY_SL,-27.432353900554798,-0.4339719755359457,9952.090226760662,0.6644819423490089
3,68125,68131,SHORT,90099.97640000001,91186.78255234376,SL,-64.38466374354334,-1.0,9887.705563017118,0.669805411358512
4,68186,68191,SHORT,91739.86710624999,90868.33836874062,SL,47.51477640891819,0.8181818181818183,9935.220339426036,0.623588997240005
5,68443,68451,SHORT,86314.01499375,87133.99813619062,SL,-64.92755678546987,-1.0,9870.292782640567,0.6807673148858893
6,68516,68532,SHORT,86919.472003125,85820.92157994791,DECAY_TP,69.73647214236065,1.052458034165027,9940.029254782927,0.6929751689726245
7,68541,68550,SHORT,86182.7365671875,85978.05256784044,SL,14.164541688064938,0.13636363636362875,9954.193796470992,0.9369111216955228
8,68556,68561,SHORT,86870.21623125,87812.6132649414,SL,-86.48029095309887,-1.0,9867.713505517893,0.8237704475749412
9,68582,68595,SHORT,88826.6139359375,87653.42409534888,DECAY_TP,68.8572077140982,1.1729797979798064,9936.570713231991,0.6307229419867602
10,68604,68622,SHORT,88115.701459375,87236.74733731773,DECAY_TP,63.918805715925615,0.8636363636363634,10000.489518947918,0.7473726070004925
11,68630,68646,SHORT,87215.22534062501,86184.14756548696,DECAY_TP,83.14027190271008,1.040404040404032,10083.629790850628,0.7829133337084166
12,68724,68738,SHORT,86903.975103125,87128.5078125,TIME_DECAY_SL,-20.144334697097797,-0.3381519085909199,10063.48545615353,0.6268629164998638
13,69167,69169,SHORT,85500.9042109375,86474.83798779297,SL,-69.27037232478044,-1.0,9994.21508382875,0.7033741914090553
14,69175,69193,SHORT,86555.33390781251,86974.0,TIME_DECAY_SL,-30.90759303267736,-0.5258665273014044,9963.307490796073,0.6225882017433093
15,69215,69222,SHORT,86454.5884359375,87275.90702607892,SL,-59.61782393327151,-1.0,9903.689666862801,0.633936422974335
16,69230,69235,SHORT,87320.954190625,88150.50325543593,SL,-78.8895139583891,-1.0,9824.800152904412,0.7813193691776595
17,69510,69514,SHORT,90800.56281718751,90584.9114804967,SL,9.074099095319758,0.13636363636363336,9833.874251999732,0.6991606289991317
18,69536,69558,SHORT,89656.74475156251,89252.40054854602,DECAY_TP,18.924404894136398,0.3097555474910728,9852.798656893869,0.6513929786865724
19,69873,69896,SHORT,90503.89559999999,90277.63586099999,DECAY_TP,11.12304757849488,0.14832535885167558,9863.921704472363,0.758290331864919
20,70076,70090,SHORT,90333.83586875,90119.29300856171,SL,8.667284814735,0.13636363636364413,9872.588989287098,0.6734523173141398
21,70375,70395,SHORT,89471.60991093749,88810.51412659556,DECAY_TP,36.89737749588476,0.6161616161616186,9909.486366782983,0.6413536206646142
22,70403,70414,SHORT,88541.25695625,88330.9714709789,SL,8.84508234012721,0.13636363636364496,9918.33144912311,0.6816022923615537
23,70457,70474,SHORT,89851.08868750001,88997.50334496876,SL,49.05326682746029,0.8181818181818186,9967.384715950571,0.6394882167558854
24,70505,70514,SHORT,86138.721934375,86957.03979275157,SL,-58.92755289607149,-1.0,9908.4571630545,0.6272646359525387
25,70520,70527,SHORT,87244.00864531251,87036.8041247799,SL,12.314920783561066,0.13636363636363252,9920.772083838061,0.8503414220296548
26,70533,70535,SHORT,87216.52195625001,88084.00736884767,SL,-77.16757317589335,-1.0,9843.604510662168,0.7684164585647855
27,70601,70616,SHORT,86782.64781093749,87147.8828125,TIME_DECAY_SL,-36.7021425554741,-0.4936476421574315,9806.902368106694,0.7544189349231601
28,70625,70627,SHORT,87566.37384687501,88398.25439842032,SL,-94.5981172120892,-1.0,9712.304250894604,0.8800496330568159
29,70694,70706,SHORT,86823.6318,87343.3203125,TIME_DECAY_SL,-39.70356207767023,-0.6636904535745809,9672.600688816934,0.6496372362887295
30,70713,70716,SHORT,87142.35710468749,87970.20949718202,SL,-72.99455070492454,-1.0,9599.606138112009,0.7539851253469858
31,70795,70807,SHORT,87920.490509375,88198.703125,TIME_DECAY_SL,-22.48672178933999,-0.39371923962386884,9577.119416322668,0.630778677481328
32,70814,70821,SHORT,88023.92294374999,88860.15021171562,SL,-78.36432098413972,-1.0,9498.755095338529,0.7949469857208769
33,71006,71020,SHORT,88194.70128124999,88412.90625,TIME_DECAY_SL,-19.57890302499291,-0.3276677391072524,9479.176192313536,0.6608374500950873
34,71035,71047,SHORT,88273.99791875001,88658.859375,TIME_DECAY_SL,-35.191936898071894,-0.5081196892319996,9443.984255415464,0.737653629287427
35,71176,71190,SHORT,87557.26629375,87820.0,TIME_DECAY_SL,-25.579305312891535,-0.37805809091304243,9418.404950102573,0.7277178781326106
36,71196,71203,SHORT,87771.6218515625,86604.2592809367,TP,107.22181251220512,1.181818181818183,9525.626762614778,0.8793253030275182
37,71273,71285,SHORT,86964.9238484375,87228.3828125,TIME_DECAY_SL,-23.728174449103218,-0.3808119966455715,9501.898588165675,0.6812543351214714
38,71292,71298,SHORT,87411.01430000001,87203.41314103751,SL,10.27439924415887,0.13636363636363305,9512.172987409835,0.7790157662849049
39,71304,71316,SHORT,87032.59,87407.6171875,TIME_DECAY_SL,-34.08275567475755,-0.5032577196096294,9478.090231735077,0.7245575729533231
40,71371,71392,SHORT,87475.15771875001,87706.1328125,TIME_DECAY_SL,-27.44738589951688,-0.34358516902207187,9450.64284583556,0.8100393577566425
41,71437,71440,SHORT,87269.30046093749,88098.3588153164,SL,-55.61949808286641,-1.0,9395.023347752694,0.6247285721730731
42,71757,71778,SHORT,87718.70275,87208.28954837343,DECAY_TP,25.654479749280622,0.4659090909090926,9420.677827501975,0.622398830410991
43,71790,71808,SHORT,87204.415003125,87459.9765625,TIME_DECAY_SL,-21.30848060354346,-0.3713496123431907,9399.369346898431,0.6436208922620297
44,72694,72703,SHORT,90003.27699375001,90858.30812519064,SL,-60.3606353827308,-1.0,9339.0087115157,0.6716753349885137
45,73080,73085,SHORT,90633.0025859375,91494.01611050392,SL,-59.09160925402185,-1.0,9279.91710226168,0.663916794267444
46,73631,73642,LONG,95356.59875625,94450.71106806562,SL,-60.56384079841115,-1.0,9219.353261463268,0.6800729681877395
47,74924,74936,SHORT,78516.3638984375,78930.0,TIME_DECAY_SL,-34.9420114498332,-0.5950384226570272,9184.411250013434,0.6673964605091475
48,74958,74979,SHORT,78550.48988437501,78093.42422136031,DECAY_TP,37.961194844642,0.4659090909090786,9222.372444858076,0.8363368805650622
49,74986,74991,SHORT,78407.8387328125,77662.96426485077,SL,64.63248565304444,0.8181818181818192,9287.00493051112,0.8183008616798857
50,75075,75082,SHORT,76020.7928,75840.24341709999,SL,7.829035555067228,0.13636363636364132,9294.833966066188,0.6515992853810033
51,75376,75400,SHORT,69245.4996921875,69220.5234375,TIMEOUT,-3.1905114377899455,-0.05639316959255944,9291.643454628398,0.6432532252691786
52,75406,75410,SHORT,69375.6142890625,70034.6826248086,SL,-70.71414303813633,-1.0,9220.929311590262,0.7582495823159812
53,75416,75422,SHORT,70117.24718281251,70783.36103104924,SL,-71.58750415940035,-1.0,9149.341807430861,0.7683136951286353
54,75428,75430,SHORT,70742.56740624999,71414.62179660937,SL,-87.28017523640091,-1.0,9062.06163219446,0.8741898646344308
55,75436,75449,SHORT,71128.4199078125,70959.48991053144,SL,11.458824393660148,0.13636363636363655,9073.52045658812,0.859324672781742
56,75455,75469,SHORT,71187.25188906249,71366.0,TIME_DECAY_SL,-27.590649945819276,-0.3311920338863071,9045.9298066423,0.854150667989227
57,75477,75487,SHORT,70488.26671406251,71354.68364521486,SL,-63.30537458053895,-1.0,8982.62443206176,0.7104656072649502
58,75532,75540,SHORT,69162.64126718749,70049.61129892577,SL,-57.19575897352986,-1.0,8925.42867308823,0.66006047388287
59,75578,75583,SHORT,70341.0774078125,69405.54107828859,TP,61.98459035512021,1.181818181818179,8987.41326344335,0.6238742237944048
60,75604,75623,SHORT,69057.37326250001,68893.36200100157,SL,7.634058639804334,0.13636363636363738,8995.047322083154,0.6556341216945611
61,75629,75630,SHORT,68446.70635781251,69251.69079384767,SL,-61.568992281909175,-1.0,8933.478329801244,0.6998266085500366
62,75636,75655,SHORT,69474.0789671875,68611.57078550957,DECAY_TP,66.05069783836909,0.7966322248050033,8999.529027639614,0.8563721449717712
63,75661,75673,SHORT,68693.4382515625,68941.40625,TIME_DECAY_SL,-28.196891581681392,-0.43634230359661197,8971.332136057932,0.7288590578751994
64,75679,75682,SHORT,68274.5220515625,68112.37006169003,SL,7.635150510984409,0.13636363636364204,8978.967286568917,0.6566612853763871
65,75719,75719,SHORT,67009.16579843749,67645.75287352265,SL,-54.066901968869324,-1.0,8924.900384600049,0.6373852752903815
66,75728,75740,SHORT,66746.47615937499,67275.34375,TIME_DECAY_SL,-28.342418051003786,-0.48363783612333194,8896.557966549044,0.6712794298848812
67,75791,75803,SHORT,67214.7652953125,67665.9921875,TIME_DECAY_SL,-44.84868928449819,-0.7333216131901914,8851.709277264546,0.7067444912438838
68,75813,75821,SHORT,67851.74724843749,67690.59934872245,SL,7.687405148812233,0.13636363636363744,8859.396682413359,0.6673380603097775
69,75867,75888,SHORT,66524.75488749999,66137.66396999835,DECAY_TP,26.370379067730358,0.46590909090909094,8885.767061481089,0.6689747235319894
70,75895,75907,SHORT,66807.0031140625,67094.03125,TIME_DECAY_SL,-37.83081625889635,-0.5020457380634351,8847.936245222192,0.8131721765443449
71,75913,75916,SHORT,67260.68579687501,67899.66231194533,SL,-52.88224058650649,-1.0,8795.054004635685,0.6332969816558492
72,75922,75945,SHORT,69038.830096875,68831.90826765136,DECAY_TP,11.178422440504168,0.15822122676722436,8806.23242707619,0.7818890711721821
73,75951,75975,SHORT,68892.2266109375,68829.203125,TIMEOUT,-0.18550650431839344,-0.0033672028211211248,8806.046920571871,0.6579284299469956
74,75986,75998,SHORT,69553.133465625,70194.0,TIME_DECAY_SL,-80.22729091167632,-0.9726370308706476,8725.819629660195,0.8645944180807998
75,76004,76028,SHORT,69699.28391718751,69840.140625,TIMEOUT,-24.611030701785058,-0.2842986070979318,8701.20859895841,0.8949551291755311
76,76100,76118,SHORT,69497.1993421875,68803.96477874917,DECAY_TP,53.62307162828194,0.8636363636363645,8754.831670586693,0.7256966025142787
77,76132,76154,SHORT,68725.28344375,68445.9915279772,DECAY_TP,17.2231227302617,0.2979797979798084,8772.054793316955,0.6860328036594139
78,76160,76179,SHORT,68626.272,68886.0078125,TIME_DECAY_SL,-34.54077379737296,-0.45308965165179516,8737.514019519582,0.8257314787917267
79,76193,76196,SHORT,69491.10681093749,69326.06543226152,SL,12.004695929386344,0.1363636363636324,8749.518715448969,0.9032197948810718
80,76228,76240,SHORT,68562.487884375,68880.59375,TIME_DECAY_SL,-41.77975663394194,-0.5348946233874722,8707.738958815027,0.8395806439268315
81,76248,76260,SHORT,69110.90161718751,68191.72662567892,DECAY_TP,103.98209585818958,1.1818181818181823,8811.721054673217,0.9047477316400305
82,76266,76284,SHORT,68436.3021890625,67753.6500747266,DECAY_TP,47.46683050981303,0.863636363636362,8859.18788518303,0.656339151663183
83,76303,76305,SHORT,67378.5840875,68064.63602841797,SL,-52.63792379846171,-1.0,8806.549961384568,0.6279793968221905
84,76311,76313,SHORT,67230.76990625,68045.02430078125,SL,-69.27844851080269,-1.0,8737.271512873765,0.7709582613490942
85,76319,76339,SHORT,67779.7616484375,67190.31608501519,DECAY_TP,37.26393388474629,0.6385590777224797,8774.535446758511,0.688151972655479
86,76347,76359,SHORT,67321.57205468751,67801.65625,TIME_DECAY_SL,-57.760688519036556,-0.7733214279895436,8716.774758239475,0.8151049995076032
87,76365,76368,SHORT,67737.5982078125,68381.10539078672,SL,-71.90469240125783,-1.0,8644.870065838217,0.799067799643372
88,76374,76379,SHORT,68262.34479999999,67613.85252439999,SL,59.02168169134309,0.8181818181818186,8703.89174752956,0.8049357820793797
89,76398,76399,SHORT,68095.97183125,67449.06009885312,SL,61.28782477715029,0.81818181818182,8765.17957230671,0.8207238399981461
90,76405,76412,SHORT,67128.18886406251,66463.26985771485,SL,43.317629800095816,0.8249688875821248,8808.497202106806,0.6333195001078641
91,76426,76438,SHORT,66386.72,66866.6171875,TIME_DECAY_SL,-41.278346250585244,-0.7826615353335215,8767.218855856221,0.6342831009458807
92,76446,76458,SHORT,66896.61799999999,67150.1171875,TIME_DECAY_SL,-37.08540644550571,-0.4535327358674425,8730.133449410716,0.8623553151464919
93,76465,76483,SHORT,66901.05461250001,66233.71659274033,DECAY_TP,47.40399196441379,0.863636363636357,8777.53744137513,0.6605639854711496
94,76498,76507,SHORT,66402.8183421875,67091.28599355469,SL,-52.036038443573155,-1.0,8725.501402931557,0.6262132191983998
95,76513,76527,SHORT,66926.60418906249,67191.71875,TIME_DECAY_SL,-25.023147037433183,-0.4699782929279594,8700.478255894124,0.6445992952558828
96,76553,76565,SHORT,67707.48704375,68135.421875,TIME_DECAY_SL,-42.31597018505191,-0.6957270119842371,8658.162285709072,0.7152823151041459
97,76589,76601,SHORT,67440.22019531249,67791.65625,TIME_DECAY_SL,-26.495665481974193,-0.44784756875077586,8631.666620227097,0.6973195361984981
98,76624,76648,SHORT,68003.75590312501,67873.2578125,TIMEOUT,4.705773626121948,0.09272570096904822,8636.372393853218,0.6241742770271259
99,76776,76799,SHORT,67636.7902484375,67467.6982728164,DECAY_TP,7.836666941567468,0.14832535885167253,8644.209060794787,0.6459789010578114
100,77859,77872,SHORT,68812.2972875,68106.00712636719,SL,46.29541255273666,0.8305690945612079,8690.504473347522,0.6717980625297642
101,77937,77961,SHORT,67952.37555624999,67782.49461735936,DECAY_TP,8.174849258684539,0.14832535885167097,8698.679322606207,0.6651207263574785
102,78035,78043,SHORT,67865.71320468749,66963.09921906515,TP,70.06232394107572,1.1818181818181823,8768.741646547283,0.7023368918460544
103,78130,78142,SHORT,67967.43504375001,68462.15625,TIME_DECAY_SL,-47.81930960766557,-0.7726040938333131,8720.922336939619,0.7196938709970766
104,79109,79121,SHORT,70389.01313124999,70927.8515625,TIME_DECAY_SL,-44.98223462029084,-0.8234592993893973,8675.940102319328,0.658583115927535
105,79135,79155,SHORT,70838.29825625001,70314.88194135661,DECAY_TP,33.17857170021175,0.6161616161616142,8709.118674019539,0.653703350805823
106,79201,79216,SHORT,70580.3811,70757.0078125,TIME_DECAY_SL,-17.792853324022744,-0.33038183797812387,8691.325820695516,0.6517484114240888
107,79911,79932,SHORT,66986.45159218751,66596.67417698547,DECAY_TP,25.314778988417473,0.46590909090909294,8716.640599683933,0.657546657148216
108,80004,80016,SHORT,66412.667934375,66254.93784803085,SL,7.258796404038208,0.13636363636364737,8723.89939608797,0.645025787336192
109,80458,80470,SHORT,66708.81181875,66907.046875,TIME_DECAY_SL,-21.12527025569005,-0.37527724745259833,8702.77412583228,0.6741773809790168
110,80518,80530,SHORT,66818.8132515625,67002.921875,TIME_DECAY_SL,-21.91600636137246,-0.3545780971720911,8680.858119470908,0.7233061791476799
111,80547,80562,SHORT,67156.7768953125,67383.15625,TIME_DECAY_SL,-24.15381706663082,-0.4134840735666618,8656.704302404278,0.6958402690302753
112,80573,80597,SHORT,67312.5348,67300.421875,TIMEOUT,-4.010512334972172,-0.07368894636408421,8652.693790069306,0.6605418643644516
113,80609,80632,SHORT,67122.53374531251,66954.72741094923,DECAY_TP,7.675582341057102,0.14832535885167453,8660.369372410363,0.6336476694599232
114,80638,80659,SHORT,67021.74140781249,67499.9921875,TIME_DECAY_SL,-39.34831216023213,-0.7737565354719781,8621.02106025013,0.623462283842723
115,80680,80689,SHORT,67465.54325468751,68106.46591560704,SL,-54.885481335325736,-1.0,8566.135578914804,0.6671505945178169
116,81952,81965,LONG,74696.12373749999,74355.359375,TIME_DECAY_SL,-37.7596690166097,-0.5274649424403048,8528.375909898194,0.8056948611976806
117,81972,81974,LONG,74796.2453203125,74973.88640294825,SL,9.670966055230902,0.13636363636364113,8538.046875953425,0.803176851946059
118,81980,81998,LONG,74850.4749140625,75028.24479198341,SL,9.750269379209636,0.13636363636364107,8547.797145332635,0.8067637477232317
119,82004,82018,LONG,75344.8550203125,76319.10585397793,DECAY_TP,74.54864753292463,1.1464646464646393,8622.34579286556,0.7580299158448851
120,82092,82100,LONG,75845.11911562501,76025.25127352463,SL,7.206199131215729,0.13636363636364146,8629.551991996777,0.6469676751808717
121,82626,82637,LONG,79199.83679999999,78447.43835039999,SL,-52.420105486015885,-1.0,8577.131886510762,0.6421527280630859
122,82650,82673,LONG,77647.62016875,77841.73921917187,DECAY_TP,7.441627986844489,0.1483253588516658,8584.573514497606,0.6212905724802189
123,83302,83314,LONG,80134.63309687501,79856.9609375,TIME_DECAY_SL,-26.610091737495452,-0.42249479209603275,8557.963422760111,0.7397478746941708
124,83326,83342,LONG,78524.02197656251,79452.3504141521,DECAY_TP,52.353036221402995,1.0404040404040407,8610.316458981513,0.6242171117143911
125,83536,83552,LONG,81543.04753593751,81249.296875,TIME_DECAY_SL,-22.394617929753245,-0.4356363477866318,8587.92184105176,0.6327041014696069
126,83693,83712,LONG,79619.70200625001,80318.30959989512,DECAY_TP,43.927551329815316,0.7487373737373586,8631.849392381577,0.7035579441496145
127,83719,83732,LONG,80241.341934375,79965.7578125,TIME_DECAY_SL,-22.364222407234937,-0.4195636929893435,8609.485169974341,0.6510060090708555
128,83764,83787,LONG,80209.2183234375,80409.7413692461,DECAY_TP,8.10675914886749,0.1483253588516829,8617.59192912321,0.6656473170424597
129,83906,83927,LONG,80809.08827343749,81279.29615582855,DECAY_TP,25.823290662638904,0.46590909090907817,8643.415219785848,0.6724795298789614
130,83937,83943,LONG,81376.272,80603.197416,SL,-56.49851198339651,-1.0,8586.916707802451,0.680886619118936
131,83950,83954,LONG,81520.01167968751,81713.62170742676,SL,7.468375588478222,0.13636363636363216,8594.38508339093,0.6681058144457717
132,83960,83965,LONG,81510.07219218751,80735.72650636172,SL,-67.93771908868239,-1.0,8526.447364302247,0.7774400346008286
133,83971,83994,LONG,80768.947434375,80970.86980296094,DECAY_TP,8.438870714515552,0.1483253588516674,8534.886235016762,0.6915122933830307
134,84001,84013,LONG,81213.192515625,81011.28125,TIME_DECAY_SL,-20.374655262716683,-0.32882181930234955,8514.511579754046,0.7344239599914482
135,84047,84055,LONG,81641.48128124999,80865.88720907811,SL,-54.379440273539544,-1.0,8460.132139480505,0.6688107605923735
136,84075,84087,LONG,81233.5325203125,80925.25,TIME_DECAY_SL,-30.22804631537433,-0.4540684751172315,8429.90409316513,0.7751267068771955
137,84093,84110,LONG,80682.5160890625,80222.0,TIME_DECAY_SL,-54.519730162929626,-0.637105806198591,8375.3843630022,0.9072407056626637
138,84134,84156,LONG,80716.13218593749,81044.153578682,DECAY_TP,15.266244149180228,0.2979797979797919,8390.65060715138,0.6459243308646201
139,84162,84174,LONG,81183.13963125,80920.0,TIME_DECAY_SL,-26.185220436156456,-0.4010821893050627,8364.465386715223,0.7694369168340752
140,84180,84192,LONG,81172.4187375,80501.21875,TIME_DECAY_SL,-72.71568201137508,-0.8821835764373277,8291.749704703847,0.8913774114537856
141,85901,85913,SHORT,73503.28858906249,73682.28125,TIME_DECAY_SL,-16.012984134212807,-0.3239392672322358,8275.736720569634,0.6318938588667773
142,85921,85944,SHORT,73897.2097890625,73712.46676458984,DECAY_TP,9.993160898987078,0.1483253588516737,8285.72988146862,0.7923692948006731
143,87524,87547,SHORT,63255.018340625,63096.88079477344,DECAY_TP,7.18008458393946,0.14832535885167253,8292.909966052559,0.620604925657828
144,89332,89344,SHORT,62100.59692734375,62257.55859375,TIME_DECAY_SL,-20.71136314024026,-0.3327788297147586,8272.198602912318,0.7511927180761729
145,89359,89379,SHORT,62247.23946796876,62453.73828125,TIME_DECAY_SL,-21.563731910257612,-0.408363361291701,8250.634871002061,0.6685470184640637
146,90741,90753,SHORT,64743.88847578125,65054.109375,TIME_DECAY_SL,-26.698374673465743,-0.5494266614541451,8223.936496328595,0.6251437409585681
147,91718,91736,SHORT,63412.365771093755,62779.827422527094,DECAY_TP,57.24476850037351,0.8636363636363606,8281.181264828969,0.7872771731362526
148,91743,91765,SHORT,62780.613240624996,62525.47980403879,DECAY_TP,15.397016053989688,0.2979797979797965,8296.578280882959,0.65653338303136
149,91773,91776,SHORT,63338.419625781244,63940.13461222617,SL,-66.20543253390991,-1.0,8230.372848349049,0.7822206220557535
150,91811,91823,SHORT,63559.2856,63902.01953125,TIME_DECAY_SL,-37.59402999401163,-0.6069234713912826,8192.778818355036,0.7526108056757068
151,91840,91859,SHORT,63693.258799999996,63876.58984375,TIME_DECAY_SL,-19.333139516607957,-0.36634860963944044,8173.445678838429,0.6732624033378676
152,92359,92381,LONG,65208.750079687496,65473.75119459467,DECAY_TP,16.787823358440136,0.29797979797979424,8190.233502196868,0.7081158689553186
